{"cameraMode":{"drawMode":0,"name":"Shaded","section":"Shading Mode"},"sceneLighting":false,"audioPlay":false,"sceneViewState":{"showFog":true,"showMaterialUpdate":false,"showSkybox":false,"showFlares":true,"showImageEffects":true,"showParticleSystems":true},"in2DMode":false,"pivot":{"x":-1.6935100555419922,"y":1.5203924179077149,"z":0.9612226486206055},"rotation":{"x":-0.00386411277577281,"y":-0.986001193523407,"z":-0.023076599463820459,"w":0.16509248316287995},"size":2.8578836917877199,"orthographic":true}